WORD	FREQ	FAVOR	AGAINST	NONE	SUPPORT
底层,政府	6	0	6	0	1.000000
底层,汽车	6	0	6	0	1.000000
生存,环保	5	0	5	0	1.000000
生存,今年	5	0	5	0	1.000000
单手,单手操作	10	10	0	0	1.000000
单手,操作	11	11	0	0	1.000000
环保局,倡议	7	0	7	0	1.000000
环保局,环保	11	0	11	0	1.000000
环保局,烟花爆竹	6	0	6	0	1.000000
环保局,爆竹	8	0	8	0	1.000000
环保局,市	6	0	6	0	1.000000
环保局,空气	5	0	5	0	1.000000
单手操作,单手	10	10	0	0	1.000000
单手操作,操作	10	10	0	0	1.000000
从我做起,做起	10	0	10	0	1.000000
从我做起,环保	7	0	7	0	1.000000
从我做起,今年	5	0	5	0	1.000000
超女,美少女	9	0	0	9	1.000000
超女,无敌	9	0	0	9	1.000000
超女,锅铲	5	0	0	5	1.000000
超女,少女	9	0	0	9	1.000000
超女,小妹	5	0	0	5	1.000000
超女,帅	9	0	0	9	1.000000
超女,腿	9	0	0	9	1.000000
超女,青春	9	0	0	9	1.000000
超女,任	9	0	0	9	1.000000
美少女,超女	9	0	0	9	1.000000
美少女,无敌	9	0	0	9	1.000000
美少女,锅铲	5	0	0	5	1.000000
美少女,少女	9	0	0	9	1.000000
美少女,小妹	5	0	0	5	1.000000
美少女,帅	9	0	0	9	1.000000
美少女,腿	9	0	0	9	1.000000
美少女,青春	9	0	0	9	1.000000
美少女,任	9	0	0	9	1.000000
时间表,同一	8	0	0	8	1.000000
时间表,扎堆	8	0	0	8	1.000000
时间表,申请	9	0	0	9	1.000000
时间表,员工	9	0	0	9	1.000000
时间表,避免	8	0	0	8	1.000000
时间表,根据	9	0	0	9	1.000000
时间表,须	6	0	0	6	1.000000
无敌,超女	9	0	0	9	1.000000
无敌,美少女	9	0	0	9	1.000000
无敌,锅铲	5	0	0	5	1.000000
无敌,少女	9	0	0	9	1.000000
无敌,小妹	5	0	0	5	1.000000
无敌,帅	9	0	0	9	1.000000
无敌,腿	9	0	0	9	1.000000
无敌,青春	9	0	0	9	1.000000
无敌,任	9	0	0	9	1.000000
红绿灯,红绿	8	8	0	0	1.000000
红绿灯,绿灯	8	8	0	0	1.000000
红绿,红绿灯	8	8	0	0	1.000000
红绿,绿灯	8	8	0	0	1.000000
备,孕	6	6	0	0	1.000000
节约,环保	6	0	6	0	1.000000
九件,回家	7	7	0	0	1.000000
中秋,秋节	6	6	0	0	1.000000
中秋,中秋节	6	6	0	0	1.000000
中秋,月饼	5	5	0	0	1.000000
中秋,节日	5	5	0	0	1.000000
解决问题,解决	6	0	6	0	1.000000
秋节,中秋	6	6	0	0	1.000000
秋节,中秋节	6	6	0	0	1.000000
秋节,月饼	5	5	0	0	1.000000
浓度,环保	5	0	5	0	1.000000
延迟,退休	6	0	6	0	1.000000
布,吉	5	5	0	0	1.000000
吉,布	5	5	0	0	1.000000
公,知	5	5	0	0	1.000000
中秋节,中秋	6	6	0	0	1.000000
中秋节,秋节	6	6	0	0	1.000000
中秋节,月饼	5	5	0	0	1.000000
锅铲,超女	5	0	0	5	1.000000
锅铲,美少女	5	0	0	5	1.000000
锅铲,无敌	5	0	0	5	1.000000
锅铲,少女	5	0	0	5	1.000000
锅铲,小妹	5	0	0	5	1.000000
锅铲,帅	5	0	0	5	1.000000
锅铲,腿	5	0	0	5	1.000000
锅铲,青春	5	0	0	5	1.000000
锅铲,任	5	0	0	5	1.000000
逊尼派,逊尼	5	0	5	0	1.000000
逊尼,逊尼派	5	0	5	0	1.000000
车尾,汽车尾气	5	5	0	0	1.000000
车尾,尾气	5	5	0	0	1.000000
车尾,汽车	5	5	0	0	1.000000
罗斯国,俄罗斯国防部	5	5	0	0	1.000000
罗斯国,防部	5	5	0	0	1.000000
罗斯国,国防部	5	5	0	0	1.000000
罗斯国,国防	5	5	0	0	1.000000
罗斯国,恐怖	5	5	0	0	1.000000
端午节,端午	5	5	0	0	1.000000
端午,端午节	5	5	0	0	1.000000
汽车尾气,车尾	5	5	0	0	1.000000
汽车尾气,尾气	5	5	0	0	1.000000
汽车尾气,汽车	5	5	0	0	1.000000
月饼,中秋	5	5	0	0	1.000000
月饼,秋节	5	5	0	0	1.000000
月饼,中秋节	5	5	0	0	1.000000
团圆饭,团圆	5	5	0	0	1.000000
俄罗斯国防部,罗斯国	5	5	0	0	1.000000
俄罗斯国防部,防部	5	5	0	0	1.000000
俄罗斯国防部,国防部	5	5	0	0	1.000000
俄罗斯国防部,国防	5	5	0	0	1.000000
俄罗斯国防部,恐怖	5	5	0	0	1.000000
买得起,买得	5	0	5	0	1.000000
买得,买得起	5	0	5	0	1.000000
蓝天,做起	5	0	5	0	1.000000
蓝天,烧纸	5	0	5	0	1.000000
蓝天,环保	10	0	10	0	1.000000
蓝天,每	5	0	5	0	1.000000
蓝天,烟花爆竹	5	0	5	0	1.000000
蓝天,爆竹	7	0	7	0	1.000000
蓝天,霾	7	0	7	0	1.000000
蓝天,雾	5	0	5	0	1.000000
做起,从我做起	10	0	10	0	1.000000
做起,蓝天	5	0	5	0	1.000000
做起,环保	10	0	10	0	1.000000
做起,烟花爆竹	5	0	5	0	1.000000
做起,爆竹	5	0	5	0	1.000000
做起,霾	5	0	5	0	1.000000
做起,今年	8	0	8	0	1.000000
碳,今年春节	6	0	6	0	1.000000
碳,环保	13	1	12	0	0.923077
碳,低	14	1	13	0	0.928571
碳,爆竹	5	0	5	0	1.000000
碳,今年	7	0	7	0	1.000000
年货,春联	10	9	1	0	0.900000
年货,贴	11	10	1	0	0.909091
断崖,式	13	0	12	1	0.923077
断崖,减少	13	0	12	1	0.923077
断崖,计划生育	5	0	5	0	1.000000
断崖,计划	5	0	5	0	1.000000
断崖,人口	7	0	6	1	0.857143
亲戚,春联	6	6	0	0	1.000000
亲戚,贴	7	7	0	0	1.000000
亲戚,回家	5	5	0	0	1.000000
少女,超女	9	0	0	9	1.000000
少女,美少女	9	0	0	9	1.000000
少女,无敌	9	0	0	9	1.000000
少女,锅铲	5	0	0	5	1.000000
少女,小妹	5	0	0	5	1.000000
少女,帅	9	0	0	9	1.000000
少女,腿	9	0	0	9	1.000000
少女,青春	9	0	0	9	1.000000
少女,任	9	0	0	9	1.000000
劳动力,劳动	12	0	11	1	0.916667
劳动力,鼓励	5	0	5	0	1.000000
劳动力,动力	12	0	11	1	0.916667
同一,时间表	8	0	0	8	1.000000
同一,扎堆	8	0	0	8	1.000000
同一,申请	8	0	0	8	1.000000
同一,员工	8	0	0	8	1.000000
同一,避免	8	0	0	8	1.000000
同一,根据	8	0	0	8	1.000000
同一,须	6	0	0	6	1.000000
餐饮业,对准	27	3	24	0	0.888889
餐饮业,餐饮	27	3	24	0	0.888889
餐饮业,外卖	27	3	24	0	0.888889
餐饮业,社会	5	0	5	0	1.000000
餐饮业,送	27	3	24	0	0.888889
对准,餐饮业	27	3	24	0	0.888889
对准,餐饮	27	3	24	0	0.888889
对准,外卖	27	3	24	0	0.888889
对准,社会	5	0	5	0	1.000000
对准,送	27	3	24	0	0.888889
劳动,劳动力	12	0	11	1	0.916667
劳动,鼓励	5	0	5	0	1.000000
劳动,动力	12	0	11	1	0.916667
扎堆,时间表	8	0	0	8	1.000000
扎堆,同一	8	0	0	8	1.000000
扎堆,申请	8	0	0	8	1.000000
扎堆,员工	8	0	0	8	1.000000
扎堆,避免	8	0	0	8	1.000000
扎堆,根据	8	0	0	8	1.000000
扎堆,须	6	0	0	6	1.000000
通工,交通工具	17	0	15	2	0.882353
通工,工具	17	0	15	2	0.882353
交通工具,通工	17	0	15	2	0.882353
交通工具,工具	17	0	15	2	0.882353
退休,延迟	6	0	6	0	1.000000
横冲,直撞	12	10	1	1	0.833333
横冲,横冲直撞	12	10	1	1	0.833333
新衣,穿	15	13	1	1	0.866667
新衣,贴	5	5	0	0	1.000000
新衣,文化	5	5	0	0	1.000000
哈哈哈,哈哈	15	13	2	0	0.866667
倡议,环保局	7	0	7	0	1.000000
倡议,发出	9	0	9	0	1.000000
倡议,今年春节	9	0	8	1	0.888889
倡议,环保	20	1	17	2	0.850000
倡议,烟花爆竹	13	0	11	2	0.846154
倡议,燃放烟花	9	0	8	1	0.888889
倡议,放烟	9	0	8	1	0.888889
倡议,爆竹	18	0	15	3	0.833333
倡议,今年	10	0	9	1	0.900000
倡议,呼吁	5	0	5	0	1.000000
孕,备	6	6	0	0	1.000000
承诺,环保	5	0	5	0	1.000000
承诺,霾	5	0	5	0	1.000000
承诺,雾	5	0	5	0	1.000000
锵锵,三人行	7	1	0	6	0.857143
爸爸妈妈,爸爸	7	6	0	1	0.857143
添个,土豆	7	6	0	1	0.857143
三人行,锵锵	7	1	0	6	0.857143
春晚,春联	6	6	0	0	1.000000
春晚,贴	7	7	0	0	1.000000
春晚,饺子	5	5	0	0	1.000000
春晚,吃	7	6	0	1	0.857143
亲人,恐怖分子	5	5	0	0	1.000000
亲人,分子	5	5	0	0	1.000000
亲人,恐怖	7	7	0	0	1.000000
晚婚,取消	16	0	15	1	0.937500
晚婚,假	10	0	9	1	0.900000
餐饮,餐饮业	27	3	24	0	0.888889
餐饮,对准	27	3	24	0	0.888889
餐饮,外卖	28	3	24	1	0.857143
餐饮,社会	5	0	5	0	1.000000
餐饮,送	27	3	24	0	0.888889
小时候,小时	24	20	3	1	0.833333
小时候,记得	7	7	0	0	1.000000
逆行,撞	5	5	0	0	1.000000
绿灯,红绿灯	8	8	0	0	1.000000
绿灯,红绿	8	8	0	0	1.000000
直撞,横冲	12	10	1	1	0.833333
直撞,横冲直撞	12	10	1	1	0.833333
烧纸,蓝天	5	0	5	0	1.000000
横冲直撞,横冲	12	10	1	1	0.833333
横冲直撞,直撞	12	10	1	1	0.833333
防部,罗斯国	5	5	0	0	1.000000
防部,俄罗斯国防部	5	5	0	0	1.000000
防部,恐怖	5	5	0	0	1.000000
小妹,超女	5	0	0	5	1.000000
小妹,美少女	5	0	0	5	1.000000
小妹,无敌	5	0	0	5	1.000000
小妹,锅铲	5	0	0	5	1.000000
小妹,少女	5	0	0	5	1.000000
小妹,帅	5	0	0	5	1.000000
小妹,腿	5	0	0	5	1.000000
小妹,青春	5	0	0	5	1.000000
小妹,任	5	0	0	5	1.000000
大姚,土豆	5	5	0	0	1.000000
大姚,伙伴	5	5	0	0	1.000000
大姚,小伙伴	5	5	0	0	1.000000
大姚,小伙	5	5	0	0	1.000000
国防部,罗斯国	5	5	0	0	1.000000
国防部,俄罗斯国防部	5	5	0	0	1.000000
国防部,恐怖	5	5	0	0	1.000000
国防,罗斯国	5	5	0	0	1.000000
国防,俄罗斯国防部	5	5	0	0	1.000000
国防,恐怖	5	5	0	0	1.000000
取消,晚婚	16	0	15	1	0.937500
取消,晚育	11	0	10	1	0.909091
取消,晚婚晚育	9	0	8	1	0.888889
取消,假	10	0	9	1	0.900000
发出,倡议	9	0	9	0	1.000000
发出,环保	7	0	7	0	1.000000
发出,烟花爆竹	5	0	5	0	1.000000
发出,爆竹	9	1	8	0	0.888889
发出,今年	5	0	5	0	1.000000
中华民族,贴	6	6	0	0	1.000000
中华民族,中华	17	14	2	1	0.823529
中华民族,传统节日	7	6	0	1	0.857143
中华民族,民族	17	14	2	1	0.823529
中华民族,节日	8	7	0	1	0.875000
申请,时间表	9	0	0	9	1.000000
申请,同一	8	0	0	8	1.000000
申请,扎堆	8	0	0	8	1.000000
申请,员工	9	0	0	9	1.000000
申请,避免	8	0	0	8	1.000000
申请,根据	9	0	0	9	1.000000
申请,须	6	0	0	6	1.000000
户户,家户	11	9	0	2	0.818182
户户,家家户户	11	9	0	2	0.818182
户户,家家	11	9	0	2	0.818182
户户,贴	5	5	0	0	1.000000
恐怖主义,恐怖	11	9	2	0	0.818182
帅,超女	9	0	0	9	1.000000
帅,美少女	9	0	0	9	1.000000
帅,无敌	9	0	0	9	1.000000
帅,锅铲	5	0	0	5	1.000000
帅,少女	9	0	0	9	1.000000
帅,小妹	5	0	0	5	1.000000
帅,腿	9	0	0	9	1.000000
帅,青春	10	1	0	9	0.900000
帅,任	9	0	0	9	1.000000
家户,户户	11	9	0	2	0.818182
家户,家家户户	11	9	0	2	0.818182
家户,家家	11	9	0	2	0.818182
家户,贴	5	5	0	0	1.000000
家家户户,户户	11	9	0	2	0.818182
家家户户,家户	11	9	0	2	0.818182
家家户户,家家	11	9	0	2	0.818182
家家户户,贴	5	5	0	0	1.000000
千年,几千年	10	8	1	1	0.800000
千年,几千	10	8	1	1	0.800000
千年,空气	5	5	0	0	1.000000
团圆,团圆饭	5	5	0	0	1.000000
团圆,贴	8	7	1	0	0.875000
团圆,节日	6	6	0	0	1.000000
团圆,吃	7	7	0	0	1.000000
今年春节,碳	6	0	6	0	1.000000
今年春节,倡议	9	0	8	1	0.888889
今年春节,环保	37	1	32	4	0.864865
今年春节,低	7	0	7	0	1.000000
今年春节,今年	68	3	55	10	0.808824
懒,政	18	1	15	2	0.833333
懒,政府	7	0	7	0	1.000000
铁站,地铁站	15	12	1	2	0.800000
铁站,地铁	15	12	1	2	0.800000
地铁站,铁站	15	12	1	2	0.800000
地铁站,地铁	15	12	1	2	0.800000
消防,爆竹	5	0	5	0	1.000000
客,兜	6	6	0	0	1.000000
客,地铁	5	5	0	0	1.000000
大气,环保	5	0	5	0	1.000000
几千年,千年	10	8	1	1	0.800000
几千年,几千	10	8	1	1	0.800000
几千,千年	10	8	1	1	0.800000
几千,几千年	10	8	1	1	0.800000
倡导,环保	7	1	6	0	0.857143
穿,新衣	15	13	1	1	0.866667
穿,贴	5	5	0	0	1.000000
穿,文化	5	5	0	0	1.000000
没钱,有钱	5	0	5	0	1.000000
月份,合伙人	7	6	0	1	0.857143
月份,合伙	7	6	0	1	0.857143
月份,土豆	8	8	0	0	1.000000
月份,小土豆	7	7	0	0	1.000000
月份,小土	7	7	0	0	1.000000
月份,添	7	7	0	0	1.000000
月份,伙伴	6	6	0	0	1.000000
月份,小伙伴	6	6	0	0	1.000000
月份,小伙	6	6	0	0	1.000000
月份,梦想	7	6	0	1	0.857143
家家,户户	11	9	0	2	0.818182
家家,家户	11	9	0	2	0.818182
家家,家家户户	11	9	0	2	0.818182
家家,贴	6	6	0	0	1.000000
合伙人,月份	7	6	0	1	0.857143
合伙人,土豆	11	9	0	2	0.818182
合伙人,小土豆	11	9	0	2	0.818182
合伙人,小土	11	9	0	2	0.818182
合伙人,添	7	6	0	1	0.857143
合伙,月份	7	6	0	1	0.857143
合伙,土豆	11	9	0	2	0.818182
合伙,小土豆	11	9	0	2	0.818182
合伙,小土	11	9	0	2	0.818182
合伙,添	7	6	0	1	0.857143
土豆,添个	7	6	0	1	0.857143
土豆,大姚	5	5	0	0	1.000000
土豆,月份	8	8	0	0	1.000000
土豆,合伙人	11	9	0	2	0.818182
土豆,合伙	11	9	0	2	0.818182
土豆,添	11	9	0	2	0.818182
土豆,曝	5	5	0	0	1.000000
土豆,梦想	12	10	0	2	0.833333
产生,环保	5	0	5	0	1.000000
产生,减少	5	0	5	0	1.000000
产生,烟花爆竹	5	0	5	0	1.000000
产生,爆竹	7	0	7	0	1.000000
产生,霾	7	0	7	0	1.000000
产生,空气	5	0	5	0	1.000000
兜,客	6	6	0	0	1.000000
号召,环保	7	0	7	0	1.000000
号召,今年	7	1	6	0	0.857143
腿,超女	9	0	0	9	1.000000
腿,美少女	9	0	0	9	1.000000
腿,无敌	9	0	0	9	1.000000
腿,锅铲	5	0	0	5	1.000000
腿,少女	9	0	0	9	1.000000
腿,小妹	5	0	0	5	1.000000
腿,帅	9	0	0	9	1.000000
腿,青春	10	1	0	9	0.900000
腿,任	9	0	0	9	1.000000
晚育,取消	11	0	10	1	0.909091
年夜饭,贴	5	5	0	0	1.000000
尾气,车尾	5	5	0	0	1.000000
尾气,汽车尾气	5	5	0	0	1.000000
尾气,排放	7	6	1	0	0.857143
尾气,汽车	7	7	0	0	1.000000
就业,解决	5	0	5	0	1.000000
对联,贴	12	10	1	1	0.833333
夜饭,贴	5	5	0	0	1.000000
绿色,环保	21	2	17	2	0.809524
绿色,烟花爆竹	9	0	8	1	0.888889
绿色,爆竹	12	0	11	1	0.916667
绿色,不放	5	0	5	0	1.000000
小土豆,月份	7	7	0	0	1.000000
小土豆,合伙人	11	9	0	2	0.818182
小土豆,合伙	11	9	0	2	0.818182
小土豆,添	11	9	0	2	0.818182
小土豆,曝	5	5	0	0	1.000000
小土豆,梦想	12	10	0	2	0.833333
小土,月份	7	7	0	0	1.000000
小土,合伙人	11	9	0	2	0.818182
小土,合伙	11	9	0	2	0.818182
小土,添	11	9	0	2	0.818182
小土,曝	5	5	0	0	1.000000
小土,梦想	12	10	0	2	0.833333
鼓励,劳动力	5	0	5	0	1.000000
鼓励,劳动	5	0	5	0	1.000000
鼓励,动力	5	0	5	0	1.000000
鼓励,计划生育	8	1	7	0	0.875000
鼓励,计划	8	1	7	0	0.875000
鼓励,人口	6	0	6	0	1.000000
环保,生存	5	0	5	0	1.000000
环保,环保局	11	0	11	0	1.000000
环保,从我做起	7	0	7	0	1.000000
环保,节约	6	0	6	0	1.000000
环保,浓度	5	0	5	0	1.000000
环保,蓝天	10	0	10	0	1.000000
环保,做起	10	0	10	0	1.000000
环保,碳	13	1	12	0	0.923077
环保,倡议	20	1	17	2	0.850000
环保,承诺	5	0	5	0	1.000000
环保,发出	7	0	7	0	1.000000
环保,今年春节	37	1	32	4	0.864865
环保,大气	5	0	5	0	1.000000
环保,倡导	7	1	6	0	0.857143
环保,产生	5	0	5	0	1.000000
环保,号召	7	0	7	0	1.000000
环保,绿色	21	2	17	2	0.809524
环保,低	14	1	13	0	0.928571
环保,祥和	6	0	6	0	1.000000
环保,城区	5	0	5	0	1.000000
环保,每	5	0	5	0	1.000000
环保,烟花爆竹	25	1	20	4	0.800000
环保,燃放烟花	16	0	13	3	0.812500
环保,市	6	0	6	0	1.000000
环保,今年	57	1	47	9	0.824561
环保,过节	6	0	6	0	1.000000
环保,意识	8	0	7	1	0.875000
环保,明显	7	0	6	1	0.857143
环保,呼吁	15	1	13	1	0.866667
工具,通工	17	0	15	2	0.882353
工具,交通工具	17	0	15	2	0.882353
式,断崖	13	0	12	1	0.923077
式,减少	13	0	12	1	0.923077
式,计划生育	5	0	5	0	1.000000
式,计划	5	0	5	0	1.000000
式,人口	7	0	6	1	0.857143
买不起,老百姓	7	0	7	0	1.000000
买不起,百姓	8	0	7	1	0.875000
买不起,汽车	8	0	8	0	1.000000
拜年,贴	11	9	1	1	0.818182
拜年,节日	7	6	0	1	0.857143
同意,今年	5	0	5	0	1.000000
噪音,爆竹	7	0	6	1	0.857143
公民,政府	5	0	5	0	1.000000
老百姓,买不起	7	0	7	0	1.000000
老百姓,社会	7	0	7	0	1.000000
老百姓,政府	8	1	7	0	0.875000
老百姓,解决	6	0	6	0	1.000000
老百姓,汽车	9	1	8	0	0.888889
外卖,餐饮业	27	3	24	0	0.888889
外卖,对准	27	3	24	0	0.888889
外卖,餐饮	28	3	24	1	0.857143
外卖,社会	5	0	5	0	1.000000
外卖,送	32	6	26	0	0.812500
春联,年货	10	9	1	0	0.900000
春联,亲戚	6	6	0	0	1.000000
春联,春晚	6	6	0	0	1.000000
春联,感受	6	6	0	0	1.000000
春联,一起	8	8	0	0	1.000000
春联,回家	7	7	0	0	1.000000
操作,单手	11	11	0	0	1.000000
操作,单手操作	10	10	0	0	1.000000
尽量,燃放烟花	6	0	6	0	1.000000
尽量,放烟	6	0	6	0	1.000000
鞭,霾	6	0	6	0	1.000000
鞭,雾	5	0	5	0	1.000000
添,月份	7	7	0	0	1.000000
添,合伙人	7	6	0	1	0.857143
添,合伙	7	6	0	1	0.857143
添,土豆	11	9	0	2	0.818182
添,小土豆	11	9	0	2	0.818182
添,小土	11	9	0	2	0.818182
添,梦想	7	6	0	1	0.857143
有钱,没钱	5	0	5	0	1.000000
撞,逆行	5	5	0	0	1.000000
动力,劳动力	12	0	11	1	0.916667
动力,劳动	12	0	11	1	0.916667
动力,鼓励	5	0	5	0	1.000000
生产,政府	5	0	5	0	1.000000
感受,春联	6	6	0	0	1.000000
感受,贴	8	8	0	0	1.000000
感受,味儿	5	5	0	0	1.000000
低,碳	14	1	13	0	0.928571
低,今年春节	7	0	7	0	1.000000
低,环保	14	1	13	0	0.928571
低,爆竹	5	0	5	0	1.000000
低,今年	8	0	8	0	1.000000
贴,年货	11	10	1	0	0.909091
贴,亲戚	7	7	0	0	1.000000
贴,新衣	5	5	0	0	1.000000
贴,春晚	7	7	0	0	1.000000
贴,中华民族	6	6	0	0	1.000000
贴,户户	5	5	0	0	1.000000
贴,家户	5	5	0	0	1.000000
贴,家家户户	5	5	0	0	1.000000
贴,团圆	8	7	1	0	0.875000
贴,穿	5	5	0	0	1.000000
贴,家家	6	6	0	0	1.000000
贴,年夜饭	5	5	0	0	1.000000
贴,对联	12	10	1	1	0.833333
贴,夜饭	5	5	0	0	1.000000
贴,拜年	11	9	1	1	0.818182
贴,感受	8	8	0	0	1.000000
贴,中华	6	6	0	0	1.000000
贴,文化	10	9	1	0	0.900000
贴,年夜	5	5	0	0	1.000000
贴,一起	10	9	1	0	0.900000
贴,味儿	10	8	2	0	0.800000
贴,回家	8	8	0	0	1.000000
贴,吃	10	9	0	1	0.900000
祥和,环保	6	0	6	0	1.000000
晚婚晚育,取消	9	0	8	1	0.888889
排放,尾气	7	6	1	0	0.857143
城区,环保	5	0	5	0	1.000000
城区,空气	5	0	5	0	1.000000
中华,中华民族	17	14	2	1	0.823529
中华,贴	6	6	0	0	1.000000
中华,传统节日	7	6	0	1	0.857143
中华,民族	17	14	2	1	0.823529
中华,节日	8	7	0	1	0.875000
减少,断崖	13	0	12	1	0.923077
减少,产生	5	0	5	0	1.000000
减少,式	13	0	12	1	0.923077
减少,计划生育	5	0	5	0	1.000000
减少,霾	14	0	13	1	0.928571
减少,雾	11	0	10	1	0.909091
减少,计划	5	0	5	0	1.000000
减少,人口	8	0	7	1	0.875000
抓,车	11	1	9	1	0.818182
青春,超女	9	0	0	9	1.000000
青春,美少女	9	0	0	9	1.000000
青春,无敌	9	0	0	9	1.000000
青春,锅铲	5	0	0	5	1.000000
青春,少女	9	0	0	9	1.000000
青春,小妹	5	0	0	5	1.000000
青春,帅	10	1	0	9	0.900000
青春,腿	10	1	0	9	0.900000
青春,任	9	0	0	9	1.000000
团聚,饺子	7	6	1	0	0.857143
团聚,回家	5	5	0	0	1.000000
员工,时间表	9	0	0	9	1.000000
员工,同一	8	0	0	8	1.000000
员工,扎堆	8	0	0	8	1.000000
员工,申请	9	0	0	9	1.000000
员工,避免	8	0	0	8	1.000000
员工,根据	9	0	0	9	1.000000
员工,须	7	0	1	6	0.857143
百姓,买不起	8	0	7	1	0.875000
百姓,刀切	5	0	5	0	1.000000
百姓,一刀切	5	0	5	0	1.000000
百姓,社会	10	0	10	0	1.000000
百姓,政府	14	2	12	0	0.857143
百姓,一刀	5	0	5	0	1.000000
百姓,解决	7	0	7	0	1.000000
百姓,汽车	10	1	8	1	0.800000
计划生育,断崖	5	0	5	0	1.000000
计划生育,鼓励	8	1	7	0	0.875000
计划生育,式	5	0	5	0	1.000000
计划生育,减少	5	0	5	0	1.000000
计划生育,人口	14	1	12	1	0.857143
政,懒	18	1	15	2	0.833333
政,政府	9	0	9	0	1.000000
刀切,百姓	5	0	5	0	1.000000
一刀切,百姓	5	0	5	0	1.000000
传统节日,中华民族	7	6	0	1	0.857143
传统节日,中华	7	6	0	1	0.857143
传统节日,文化	5	5	0	0	1.000000
传统节日,饺子	9	8	0	1	0.888889
传统节日,喜欢	6	6	0	0	1.000000
传统节日,元宵节	5	5	0	0	1.000000
文化,新衣	5	5	0	0	1.000000
文化,穿	5	5	0	0	1.000000
文化,贴	10	9	1	0	0.900000
文化,传统节日	5	5	0	0	1.000000
文化,元宵节	5	5	0	0	1.000000
文化,节日	7	6	1	0	0.857143
文化,吃	7	7	0	0	1.000000
伙伴,大姚	5	5	0	0	1.000000
伙伴,月份	6	6	0	0	1.000000
收入,政府	5	0	5	0	1.000000
难道,政府	6	0	6	0	1.000000
每,蓝天	5	0	5	0	1.000000
每,环保	5	0	5	0	1.000000
每,爆竹	6	0	6	0	1.000000
每,霾	5	0	5	0	1.000000
烟花爆竹,环保局	6	0	6	0	1.000000
烟花爆竹,蓝天	5	0	5	0	1.000000
烟花爆竹,做起	5	0	5	0	1.000000
烟花爆竹,倡议	13	0	11	2	0.846154
烟花爆竹,发出	5	0	5	0	1.000000
烟花爆竹,产生	5	0	5	0	1.000000
烟花爆竹,绿色	9	0	8	1	0.888889
烟花爆竹,环保	25	1	20	4	0.800000
烟花爆竹,燃放烟花	19	1	16	2	0.842105
烟花爆竹,放烟	19	1	16	2	0.842105
烟花爆竹,空气	22	1	18	3	0.818182
饺子,春晚	5	5	0	0	1.000000
饺子,团聚	7	6	1	0	0.857143
饺子,传统节日	9	8	0	1	0.888889
饺子,节日	10	9	0	1	0.900000
饺子,吃	9	8	0	1	0.888889
社会,餐饮业	5	0	5	0	1.000000
社会,对准	5	0	5	0	1.000000
社会,餐饮	5	0	5	0	1.000000
社会,老百姓	7	0	7	0	1.000000
社会,外卖	5	0	5	0	1.000000
社会,百姓	10	0	10	0	1.000000
社会,和谐	5	0	5	0	1.000000
社会,送	6	0	6	0	1.000000
社会,谁	7	1	6	0	0.857143
社会,本	5	0	5	0	1.000000
政府,底层	6	0	6	0	1.000000
政府,懒	7	0	7	0	1.000000
政府,公民	5	0	5	0	1.000000
政府,老百姓	8	1	7	0	0.875000
政府,生产	5	0	5	0	1.000000
政府,百姓	14	2	12	0	0.857143
政府,政	9	0	9	0	1.000000
政府,收入	5	0	5	0	1.000000
政府,难道	6	0	6	0	1.000000
政府,恐怖分子	9	8	1	0	0.888889
政府,做法	5	0	5	0	1.000000
政府,人员	5	0	5	0	1.000000
政府,经济	7	0	6	1	0.857143
政府,分子	9	8	1	0	0.888889
政府,服务	7	0	6	1	0.857143
政府,车	5	0	5	0	1.000000
政府,汽车	14	0	14	0	1.000000
政府,根本	6	0	6	0	1.000000
喜欢,传统节日	6	6	0	0	1.000000
喜欢,尺寸	7	6	0	1	0.857143
喜欢,节日	8	8	0	0	1.000000
喜欢,觉得	8	8	0	0	1.000000
燃放烟花,倡议	9	0	8	1	0.888889
燃放烟花,环保	16	0	13	3	0.812500
燃放烟花,尽量	6	0	6	0	1.000000
燃放烟花,烟花爆竹	19	1	16	2	0.842105
燃放烟花,空气	19	1	16	2	0.842105
小伙伴,大姚	5	5	0	0	1.000000
小伙伴,月份	6	6	0	0	1.000000
年夜,贴	5	5	0	0	1.000000
元宵节,传统节日	5	5	0	0	1.000000
元宵节,文化	5	5	0	0	1.000000
元宵节,节日	7	6	0	1	0.857143
曝,土豆	5	5	0	0	1.000000
曝,小土豆	5	5	0	0	1.000000
曝,小土	5	5	0	0	1.000000
和谐,社会	5	0	5	0	1.000000
恐怖分子,亲人	5	5	0	0	1.000000
恐怖分子,政府	9	8	1	0	0.888889
恐怖分子,打击	10	9	0	1	0.900000
送,餐饮业	27	3	24	0	0.888889
送,对准	27	3	24	0	0.888889
送,餐饮	27	3	24	0	0.888889
送,外卖	32	6	26	0	0.812500
送,社会	6	0	6	0	1.000000
放烟,倡议	9	0	8	1	0.888889
放烟,尽量	6	0	6	0	1.000000
放烟,烟花爆竹	19	1	16	2	0.842105
放烟,空气	19	1	16	2	0.842105
打击,恐怖分子	10	9	0	1	0.900000
打击,分子	10	9	0	1	0.900000
打击,恐怖	17	14	2	1	0.823529
小时,小时候	24	20	3	1	0.833333
小时,记得	7	7	0	0	1.000000
避免,时间表	8	0	0	8	1.000000
避免,同一	8	0	0	8	1.000000
避免,扎堆	8	0	0	8	1.000000
避免,申请	8	0	0	8	1.000000
避免,员工	8	0	0	8	1.000000
避免,根据	8	0	0	8	1.000000
避免,须	6	0	0	6	1.000000
营运,实施	5	5	0	0	1.000000
做法,政府	5	0	5	0	1.000000
人员,政府	5	0	5	0	1.000000
人员,增加	5	0	5	0	1.000000
一刀,百姓	5	0	5	0	1.000000
爆竹,环保局	8	0	8	0	1.000000
爆竹,蓝天	7	0	7	0	1.000000
爆竹,做起	5	0	5	0	1.000000
爆竹,碳	5	0	5	0	1.000000
爆竹,倡议	18	0	15	3	0.833333
爆竹,发出	9	1	8	0	0.888889
爆竹,消防	5	0	5	0	1.000000
爆竹,产生	7	0	7	0	1.000000
爆竹,绿色	12	0	11	1	0.916667
爆竹,噪音	7	0	6	1	0.857143
爆竹,低	5	0	5	0	1.000000
爆竹,每	6	0	6	0	1.000000
爆竹,增加	5	0	5	0	1.000000
爆竹,新春	7	0	6	1	0.857143
老家,回家	5	5	0	0	1.000000
和平,恐怖	5	5	0	0	1.000000
霾,蓝天	7	0	7	0	1.000000
霾,做起	5	0	5	0	1.000000
霾,承诺	5	0	5	0	1.000000
霾,产生	7	0	7	0	1.000000
霾,鞭	6	0	6	0	1.000000
霾,减少	14	0	13	1	0.928571
霾,每	5	0	5	0	1.000000
市,环保局	6	0	6	0	1.000000
市,环保	6	0	6	0	1.000000
一起,春联	8	8	0	0	1.000000
一起,贴	10	9	1	0	0.900000
小伙,大姚	5	5	0	0	1.000000
小伙,月份	6	6	0	0	1.000000
增加,人员	5	0	5	0	1.000000
增加,爆竹	5	0	5	0	1.000000
今年,生存	5	0	5	0	1.000000
今年,从我做起	5	0	5	0	1.000000
今年,做起	8	0	8	0	1.000000
今年,碳	7	0	7	0	1.000000
今年,倡议	10	0	9	1	0.900000
今年,发出	5	0	5	0	1.000000
今年,今年春节	68	3	55	10	0.808824
今年,号召	7	1	6	0	0.857143
今年,环保	57	1	47	9	0.824561
今年,同意	5	0	5	0	1.000000
今年,低	8	0	8	0	1.000000
今年,过节	7	1	6	0	0.857143
今年,意识	8	1	7	0	0.875000
解决,解决问题	6	0	6	0	1.000000
解决,就业	5	0	5	0	1.000000
解决,老百姓	6	0	6	0	1.000000
解决,百姓	7	0	7	0	1.000000
经济,政府	7	0	6	1	0.857143
分子,亲人	5	5	0	0	1.000000
分子,政府	9	8	1	0	0.888889
分子,打击	10	9	0	1	0.900000
服务,政府	7	0	6	1	0.857143
发言,恐怖	5	5	0	0	1.000000
梦想,月份	7	6	0	1	0.857143
梦想,土豆	12	10	0	2	0.833333
梦想,小土豆	12	10	0	2	0.833333
梦想,小土	12	10	0	2	0.833333
梦想,添	7	6	0	1	0.857143
谁,社会	7	1	6	0	0.857143
谁,到底	5	0	5	0	1.000000
车,抓	11	1	9	1	0.818182
车,政府	5	0	5	0	1.000000
民族,中华民族	17	14	2	1	0.823529
民族,中华	17	14	2	1	0.823529
实施,营运	5	5	0	0	1.000000
实施,地铁	5	5	0	0	1.000000
恐怖,罗斯国	5	5	0	0	1.000000
恐怖,俄罗斯国防部	5	5	0	0	1.000000
恐怖,亲人	7	7	0	0	1.000000
恐怖,防部	5	5	0	0	1.000000
恐怖,国防部	5	5	0	0	1.000000
恐怖,国防	5	5	0	0	1.000000
恐怖,恐怖主义	11	9	2	0	0.818182
恐怖,打击	17	14	2	1	0.823529
恐怖,和平	5	5	0	0	1.000000
恐怖,发言	5	5	0	0	1.000000
骑,汽车	5	0	5	0	1.000000
地铁,铁站	15	12	1	2	0.800000
地铁,地铁站	15	12	1	2	0.800000
地铁,客	5	5	0	0	1.000000
地铁,实施	5	5	0	0	1.000000
哈哈,哈哈哈	15	13	2	0	0.866667
汽车,底层	6	0	6	0	1.000000
汽车,车尾	5	5	0	0	1.000000
汽车,汽车尾气	5	5	0	0	1.000000
汽车,尾气	7	7	0	0	1.000000
汽车,买不起	8	0	8	0	1.000000
汽车,老百姓	9	1	8	0	0.888889
汽车,百姓	10	1	8	1	0.800000
汽车,政府	14	0	14	0	1.000000
汽车,骑	5	0	5	0	1.000000
过节,环保	6	0	6	0	1.000000
过节,今年	7	1	6	0	0.857143
根据,时间表	9	0	0	9	1.000000
根据,同一	8	0	0	8	1.000000
根据,扎堆	8	0	0	8	1.000000
根据,申请	9	0	0	9	1.000000
根据,员工	9	0	0	9	1.000000
根据,避免	8	0	0	8	1.000000
根据,须	6	0	0	6	1.000000
意识,环保	8	0	7	1	0.875000
意识,今年	8	1	7	0	0.875000
尺寸,喜欢	7	6	0	1	0.857143
味儿,感受	5	5	0	0	1.000000
味儿,贴	10	8	2	0	0.800000
节日,中秋	5	5	0	0	1.000000
节日,中华民族	8	7	0	1	0.875000
节日,团圆	6	6	0	0	1.000000
节日,拜年	7	6	0	1	0.857143
节日,中华	8	7	0	1	0.875000
节日,文化	7	6	1	0	0.857143
节日,饺子	10	9	0	1	0.900000
节日,喜欢	8	8	0	0	1.000000
节日,元宵节	7	6	0	1	0.857143
雾,蓝天	5	0	5	0	1.000000
雾,承诺	5	0	5	0	1.000000
雾,鞭	5	0	5	0	1.000000
雾,减少	11	0	10	1	0.909091
明显,环保	7	0	6	1	0.857143
知,公	5	5	0	0	1.000000
计划,断崖	5	0	5	0	1.000000
计划,鼓励	8	1	7	0	0.875000
计划,式	5	0	5	0	1.000000
计划,减少	5	0	5	0	1.000000
计划,人口	14	1	12	1	0.857143
人口,断崖	7	0	6	1	0.857143
人口,鼓励	6	0	6	0	1.000000
人口,式	7	0	6	1	0.857143
人口,减少	8	0	7	1	0.875000
人口,计划生育	14	1	12	1	0.857143
人口,计划	14	1	12	1	0.857143
觉得,喜欢	8	8	0	0	1.000000
回家,九件	7	7	0	0	1.000000
回家,亲戚	5	5	0	0	1.000000
回家,春联	7	7	0	0	1.000000
回家,贴	8	8	0	0	1.000000
回家,团聚	5	5	0	0	1.000000
回家,老家	5	5	0	0	1.000000
本,社会	5	0	5	0	1.000000
新春,爆竹	7	0	6	1	0.857143
吃,春晚	7	6	0	1	0.857143
吃,团圆	7	7	0	0	1.000000
吃,贴	10	9	0	1	0.900000
吃,文化	7	7	0	0	1.000000
吃,饺子	9	8	0	1	0.888889
不放,绿色	5	0	5	0	1.000000
根本,政府	6	0	6	0	1.000000
空气,环保局	5	0	5	0	1.000000
空气,千年	5	5	0	0	1.000000
空气,产生	5	0	5	0	1.000000
空气,城区	5	0	5	0	1.000000
空气,烟花爆竹	22	1	18	3	0.818182
空气,燃放烟花	19	1	16	2	0.842105
空气,放烟	19	1	16	2	0.842105
空气,垃圾	8	0	7	1	0.875000
呼吁,倡议	5	0	5	0	1.000000
呼吁,环保	15	1	13	1	0.866667
到底,谁	5	0	5	0	1.000000
垃圾,空气	8	0	7	1	0.875000
假,晚婚	10	0	9	1	0.900000
假,取消	10	0	9	1	0.900000
记得,小时候	7	7	0	0	1.000000
记得,小时	7	7	0	0	1.000000
爸爸,爸爸妈妈	7	6	0	1	0.857143
任,超女	9	0	0	9	1.000000
任,美少女	9	0	0	9	1.000000
任,无敌	9	0	0	9	1.000000
任,锅铲	5	0	0	5	1.000000
任,少女	9	0	0	9	1.000000
任,小妹	5	0	0	5	1.000000
任,帅	9	0	0	9	1.000000
任,腿	9	0	0	9	1.000000
任,青春	9	0	0	9	1.000000
须,时间表	6	0	0	6	1.000000
须,同一	6	0	0	6	1.000000
须,扎堆	6	0	0	6	1.000000
须,申请	6	0	0	6	1.000000
须,员工	7	0	1	6	0.857143
须,避免	6	0	0	6	1.000000
须,根据	6	0	0	6	1.000000
